[
  {
    "name": "AERO_WORKFLOW__GET_OTHERS",
    "description": "Retrieve miscellaneous AeroWorkflow data",
    "tags": ["aeroworkflow", "others"],
    "visibility": "public",
    "active": true,
    "protocol": "rest",
    "protocol_data": {
      "method": "GET",
      "path": "/api/{account_id}/v1/AeroOthers",
      "server_url": "https://api.aeroworkflow.com"
    },
    "parameters": {
      "type": "object",
      "properties": {
        "path": {
          "type": "object",
          "properties": {
            "account_id": {
              "type": "string",
              "description": "Account ID"
            }
          },
          "required": ["account_id"],
          "visible": ["account_id"],
          "additionalProperties": false
        }
      },
      "required": ["path"],
      "visible": ["path"],
      "additionalProperties": false
    }
  },
  {
    "name": "AERO_WORKFLOW__GET_EMAILS",
    "description": "Retrieve paginated email data from AeroWorkflow",
    "tags": ["aeroworkflow", "emails"],
    "visibility": "public",
    "active": true,
    "protocol": "rest",
    "protocol_data": {
      "method": "GET",
      "path": "/api/{account_id}/v1/AeroEmails",
      "server_url": "https://api.aeroworkflow.com"
    },
    "parameters": {
      "type": "object",
      "properties": {
        "path": {
          "type": "object",
          "properties": {
            "account_id": {
              "type": "string",
              "description": "Account ID"
            }
          },
          "required": ["account_id"],
          "visible": ["account_id"],
          "additionalProperties": false
        },
        "query": {
          "type": "object",
          "properties": {
            "pageNumber": {
              "type": "integer",
              "description": "Page number for pagination",
              "default": 1
            }
          },
          "required": [],
          "visible": ["pageNumber"],
          "additionalProperties": false
        }
      },
      "required": ["path"],
      "visible": ["path", "query"],
      "additionalProperties": false
    }
  },
  {
    "name": "AERO_WORKFLOW__GET_TASKS",
    "description": "Retrieve task data from AeroWorkflow",
    "tags": ["aeroworkflow", "tasks"],
    "visibility": "public",
    "active": true,
    "protocol": "rest",
    "protocol_data": {
      "method": "GET",
      "path": "/api/{account_id}/v1/AeroTasks",
      "server_url": "https://api.aeroworkflow.com"
    },
    "parameters": {
      "type": "object",
      "properties": {
        "path": {
          "type": "object",
          "properties": {
            "account_id": {
              "type": "string",
              "description": "Account ID"
            }
          },
          "required": ["account_id"],
          "visible": ["account_id"],
          "additionalProperties": false
        }
      },
      "required": ["path"],
      "visible": ["path"],
      "additionalProperties": false
    }
  },
  {
    "name": "AERO_WORKFLOW__GET_CONTACTS",
    "description": "Retrieve contact data from AeroWorkflow",
    "tags": ["aeroworkflow", "contacts"],
    "visibility": "public",
    "active": true,
    "protocol": "rest",
    "protocol_data": {
      "method": "GET",
      "path": "/api/{account_id}/v1/Contacts",
      "server_url": "https://api.aeroworkflow.com"
    },
    "parameters": {
      "type": "object",
      "properties": {
        "path": {
          "type": "object",
          "properties": {
            "account_id": {
              "type": "string",
              "description": "Account ID"
            }
          },
          "required": ["account_id"],
          "visible": ["account_id"],
          "additionalProperties": false
        }
      },
      "required": ["path"],
      "visible": ["path"],
      "additionalProperties": false
    }
  },
  {
    "name": "AERO_WORKFLOW__CREATE_CONTACT",
    "description": "Create a new contact in AeroWorkflow",
    "tags": ["aeroworkflow", "contacts"],
    "visibility": "public",
    "active": true,
    "protocol": "rest",
    "protocol_data": {
      "method": "POST",
      "path": "/api/{account_id}/v1/Contacts",
      "server_url": "https://api.aeroworkflow.com",
      "content_type": "application/json"
    },
    "parameters": {
      "type": "object",
      "properties": {
        "path": {
          "type": "object",
          "properties": {
            "account_id": {
              "type": "string",
              "description": "Account ID"
            }
          },
          "required": ["account_id"],
          "visible": ["account_id"],
          "additionalProperties": false
        },
        "body": {
          "type": "object",
          "properties": {
            "firstName": {
              "type": "string",
              "description": "Contact's first name"
            },
            "lastName": {
              "type": "string",
              "description": "Contact's last name"
            },
            "defaultEmailAddress": {
              "type": "string",
              "description": "Primary email address",
              "format": "email"
            },
            "officePhone": {
              "type": "string",
              "description": "Office phone number"
            },
            "homePhone": {
              "type": "string",
              "description": "Home phone number"
            },
            "mobilePhone": {
              "type": "string",
              "description": "Mobile phone number"
            },
            "facebookUrl": {
              "type": "string",
              "description": "Facebook profile URL"
            },
            "linkedInUrl": {
              "type": "string",
              "description": "LinkedIn profile URL"
            },
            "title": {
              "type": "string",
              "description": "Job title"
            },
            "twitterHandle": {
              "type": "string",
              "description": "Twitter username"
            },
            "notes": {
              "type": "string",
              "description": "Additional notes"
            }
          },
          "required": ["firstName", "lastName"],
          "visible": ["firstName", "lastName", "defaultEmailAddress"],
          "additionalProperties": false
        }
      },
      "required": ["path", "body"],
      "visible": ["path", "body"],
      "additionalProperties": false
    }
  }
]
