[
  {
      "name": "GOOGLE_ANALYTICS_ADMIN__ACCOUNTS_LIST",
      "description": "Lists all accounts available to the current user",
      "tags": ["accounts", "list"],
      "visibility": "public",
      "active": true,
      "protocol": "rest",
      "protocol_data": {
          "method": "GET",
          "path": "/accounts",
          "server_url": "https://analyticsadmin.googleapis.com/v1beta"
      },
      "parameters": {
          "type": "object",
          "properties": {
              "query": {
                  "type": "object",
                  "properties": {
                      "pageSize": {
                          "type": "integer",
                          "description": "Maximum number of accounts to return",
                          "default": 50
                      },
                      "pageToken": {
                          "type": "string",
                          "description": "Token for next page of results"
                      },
                      "showDeleted": {
                          "type": "boolean",
                          "description": "Whether to include deleted accounts",
                          "default": false
                      }
                  },
                  "required": [],
                  "visible": ["pageSize", "pageToken", "showDeleted"],
                  "additionalProperties": false
              }
          },
          "required": [],
          "visible": ["query"],
          "additionalProperties": false
      }
  },
  {
      "name": "GOOGLE_ANALYTICS_ADMIN__PROPERTIES_LIST",
      "description": "Lists properties under the specified account",
      "tags": ["properties", "list"],
      "visibility": "public",
      "active": true,
      "protocol": "rest",
      "protocol_data": {
          "method": "GET",
          "path": "/properties",
          "server_url": "https://analyticsadmin.googleapis.com/v1beta"
      },
      "parameters": {
          "type": "object",
          "properties": {
              "query": {
                  "type": "object",
                  "properties": {
                      "filter": {
                          "type": "string",
                          "description": "Filter expression to filter properties"
                      },
                      "pageSize": {
                          "type": "integer",
                          "description": "Maximum number of properties to return",
                          "default": 50
                      },
                      "pageToken": {
                          "type": "string",
                          "description": "Token for next page of results"
                      },
                      "showDeleted": {
                          "type": "boolean",
                          "description": "Whether to include deleted properties",
                          "default": false
                      }
                  },
                  "required": ["filter"],
                  "visible": ["filter", "pageSize", "pageToken", "showDeleted"],
                  "additionalProperties": false
              }
          },
          "required": [],
          "visible": ["query"],
          "additionalProperties": false
      }
  },
  {
      "name": "GOOGLE_ANALYTICS_ADMIN__DATA_STREAMS_LIST",
      "description": "Lists data streams under the specified property",
      "tags": ["data", "streams", "list"],
      "visibility": "public",
      "active": true,
      "protocol": "rest",
      "protocol_data": {
          "method": "GET",
          "path": "/{parent}/dataStreams",
          "server_url": "https://analyticsadmin.googleapis.com/v1beta"
      },
      "parameters": {
          "type": "object",
          "properties": {
              "path": {
                  "type": "object",
                  "properties": {
                      "parent": {
                          "type": "string",
                          "description": "Parent resource name (format: properties/1234)"
                      }
                  },
                  "required": ["parent"],
                  "visible": ["parent"],
                  "additionalProperties": false
              },
              "query": {
                  "type": "object",
                  "properties": {
                      "pageSize": {
                          "type": "integer",
                          "description": "Maximum number of data streams to return",
                          "default": 50
                      },
                      "pageToken": {
                          "type": "string",
                          "description": "Token for next page of results"
                      }
                  },
                  "required": [],
                  "visible": ["pageSize", "pageToken"],
                  "additionalProperties": false
              }
          },
          "required": ["path"],
          "visible": ["path", "query"],
          "additionalProperties": false
      }
  },
  {
      "name": "GOOGLE_ANALYTICS_ADMIN__CUSTOM_DIMENSIONS_CREATE",
      "description": "Creates a custom dimension for the specified property",
      "tags": ["custom", "dimensions", "create"],
      "visibility": "public",
      "active": true,
      "protocol": "rest",
      "protocol_data": {
          "method": "POST",
          "path": "/{parent}/customDimensions",
          "server_url": "https://analyticsadmin.googleapis.com/v1beta"
      },
      "parameters": {
          "type": "object",
          "properties": {
              "path": {
                  "type": "object",
                  "properties": {
                      "parent": {
                          "type": "string",
                          "description": "Parent resource name (format: properties/1234)"
                      }
                  },
                  "required": ["parent"],
                  "visible": ["parent"],
                  "additionalProperties": false
              },
              "body": {
                  "type": "object",
                  "properties": {
                      "parameterName": {
                          "type": "string",
                          "description": "Required. Immutable. The parameter name for this custom dimension. For user-level scope, this is the user property name. For event-level scope, this is the event parameter name. For item-level scope, this is the parameter name found in the 'ecommerce items' array. Can only contain alphanumeric characters and underscores (must start with a letter). Maximum length of 24 characters for user-level scope, 40 characters for event-level scope."
                      },
                      "displayName": {
                          "type": "string",
                          "description": "Required. Display name for this custom dimension as shown in the Google Analytics UI. Maximum length of 82 characters, including alphanumeric, spaces, and underscores (must start with a letter). System-generated old display names may contain square brackets, but updates to this field will not allow square brackets."
                      },
                      "description": {
                          "type": "string",
                          "description": "Optional. Description for this custom dimension. Maximum length of 150 characters."
                      },
                      "scope": {
                          "type": "string",
                          "enum": ["DIMENSION_SCOPE_UNSPECIFIED", "EVENT", "USER", "ITEM"],
                          "description": "Required. Immutable. The scope of this dimension."
                      },
                      "disallowAdsPersonalization": {
                          "type": "boolean",
                          "description": "Optional. If set to true, sets this dimension as NPA and avoids it being used for ads personalization. Currently only supported for user-level scope custom dimensions."
                      }
                  },
                  "required": ["parameterName", "displayName", "scope"],
                  "visible": ["parameterName", "displayName", "description", "scope", "disallowAdsPersonalization"],
                  "additionalProperties": false
              }
          },
          "required": ["path", "body"],
          "visible": ["path", "body"],
          "additionalProperties": false
      }
  },
  {
      "name": "GOOGLE_ANALYTICS_ADMIN__GOOGLE_ADS_LINKS_LIST",
      "description": "Lists Google Ads links under the specified property",
      "tags": ["google ads", "links", "list"],
      "visibility": "public",
      "active": true,
      "protocol": "rest",
      "protocol_data": {
          "method": "GET",
          "path": "/{parent}/googleAdsLinks",
          "server_url": "https://analyticsadmin.googleapis.com/v1beta"
      },
      "parameters": {
          "type": "object",
          "properties": {
              "path": {
                  "type": "object",
                  "properties": {
                      "parent": {
                          "type": "string",
                          "description": "Required. Parent property name (format: properties/1234)",
                          "example": "property/485415204"
                      }
                  },
                  "required": ["parent"],
                  "visible": ["parent"],
                  "additionalProperties": false
              },
              "query": {
                  "type": "object",
                  "properties": {
                      "pageSize": {
                          "type": "integer",
                          "description": "Maximum number of resources to return (max 200, values above will be coerced to max)",
                          "default": 50
                      },
                      "pageToken": {
                          "type": "string",
                          "description": "Pagination token from previous response"
                      }
                  },
                  "required": [],
                  "visible": ["pageSize", "pageToken"],
                  "additionalProperties": false
              }
          },
          "required": ["path"],
          "visible": ["path", "query"],
          "additionalProperties": false
      }
  }
]
