[
    {
        "name": "SUPABASE__CREATE_SSO_PROVIDER",
        "description": "Creates a new SSO provider.",
        "tags": ["sso", "provider", "create"],
        "visibility": "public",
        "active": true,
        "protocol": "rest",
        "protocol_data": {
            "method": "POST",
            "path": "/v1/projects/{ref}/config/auth/sso/providers",
            "server_url": "https://api.supabase.com"
        },
        "parameters": {
            "type": "object",
            "properties": {
                "path": {
                    "type": "object",
                    "description": "path parameters",
                    "properties": {
                        "ref": {
                            "type": "string",
                            "description": "Project ref"
                        }
                    },
                    "required": ["ref"],
                    "visible": ["ref"],
                    "additionalProperties": false
                },
                "body": {
                    "type": "object",
                    "description": "body parameters",
                    "properties": {
                        "type": {
                            "type": "string",
                            "description": "Type of SSO provider",
                            "enum": ["saml"]
                        },
                        "metadata_xml": {
                            "type": "string",
                            "description": "Metadata XML"
                        },
                        "metadata_url": {
                            "type": "string",
                            "description": "Metadata URL"
                        },
                        "domains": {
                            "type": "array",
                            "items": {
                                "type": "string"
                            },
                            "description": "Domains"
                        },
                        "attribute_mapping": {
                            "type": "object",
                            "description": "Attribute mapping",
                            "properties": {
                                "keys": {
                                    "type": "object",
                                    "properties": {},
                                    "required": [],
                                    "visible": [],
                                    "additionalProperties": {
                                        "type": "object",
                                        "properties": {
                                            "default": {
                                                "oneOf": [
                                                    { "type": "object" },
                                                    { "type": "number" },
                                                    { "type": "string" },
                                                    { "type": "boolean" }
                                                ]
                                            },
                                            "name": {
                                                "type": "string"
                                            },
                                            "names": {
                                                "type": "array",
                                                "items": {
                                                    "type": "string"
                                                }
                                            },
                                            "array": {
                                                "type": "boolean"
                                            }
                                        },
                                        "required": ["name"]
                                    }
                                }
                            },
                            "required": ["keys"],
                            "visible": [],
                            "additionalProperties": false
                        }
                    },
                    "required": ["type"],
                    "visible": ["type", "metadata_xml", "metadata_url", "domains"],
                    "additionalProperties": false
                }
            },
            "required": ["path", "body"],
            "visible": ["path", "body"],
            "additionalProperties": false
        }
    },
    {
        "name": "SUPABASE__REMOVE_SSO_PROVIDER",
        "description": "Removes an SSO provider by its UUID.",
        "tags": ["sso", "provider", "remove"],
        "visibility": "public",
        "active": true,
        "protocol": "rest",
        "protocol_data": {
            "method": "DELETE",
            "path": "/v1/projects/{ref}/config/auth/sso/providers/{provider_id}",
            "server_url": "https://api.supabase.com"
        },
        "parameters": {
            "type": "object",
            "properties": {
                "path": {
                    "type": "object",
                    "description": "path parameters",
                    "properties": {
                        "ref": {
                            "type": "string",
                            "description": "Project ref"
                        },
                        "provider_id": {
                            "type": "string",
                            "description": "Provider ID"
                        }
                    },
                    "required": ["ref", "provider_id"],
                    "visible": ["ref", "provider_id"],
                    "additionalProperties": false
                }
            },
            "required": ["path"],
            "visible": ["path"],
            "additionalProperties": false
        }
    },
    {
        "name": "SUPABASE__GET_SSO_PROVIDER",
        "description": "Gets an SSO provider by its UUID.",
        "tags": ["sso", "provider", "get"],
        "visibility": "public",
        "active": true,
        "protocol": "rest",
        "protocol_data": {
            "method": "GET",
            "path": "/v1/projects/{ref}/config/auth/sso/providers/{provider_id}",
            "server_url": "https://api.supabase.com"
        },
        "parameters": {
            "type": "object",
            "properties": {
                "path": {
                    "type": "object",
                    "description": "path parameters",
                    "properties": {
                        "ref": {
                            "type": "string",
                            "description": "Project ref"
                        },
                        "provider_id": {
                            "type": "string",
                            "description": "Provider ID"
                        }
                    },
                    "required": ["ref", "provider_id"],
                    "visible": ["ref", "provider_id"],
                    "additionalProperties": false
                }
            },
            "required": ["path"],
            "visible": ["path"],
            "additionalProperties": false
        }
    },
    {
        "name": "SUPABASE__GET_AUTH_CONFIG",
        "description": "Gets project's auth config.",
        "tags": ["auth", "config", "get"],
        "visibility": "public",
        "active": true,
        "protocol": "rest",
        "protocol_data": {
            "method": "GET",
            "path": "/v1/projects/{ref}/config/auth",
            "server_url": "https://api.supabase.com"
        },
        "parameters": {
            "type": "object",
            "properties": {
                "path": {
                    "type": "object",
                    "description": "path parameters",
                    "properties": {
                        "ref": {
                            "type": "string",
                            "description": "Project ref"
                        }
                    },
                    "required": ["ref"],
                    "visible": ["ref"],
                    "additionalProperties": false
                }
            },
            "required": ["path"],
            "visible": ["path"],
            "additionalProperties": false
        }
    },
    {
        "name": "SUPABASE__LIST_SSO_PROVIDERS",
        "description": "Lists all SSO providers.",
        "tags": ["sso", "provider", "list"],
        "visibility": "public",
        "active": true,
        "protocol": "rest",
        "protocol_data": {
            "method": "GET",
            "path": "/v1/projects/{ref}/config/auth/sso/providers",
            "server_url": "https://api.supabase.com"
        },
        "parameters": {
            "type": "object",
            "properties": {
                "path": {
                    "type": "object",
                    "description": "path parameters",
                    "properties": {
                        "ref": {
                            "type": "string",
                            "description": "Project ref"
                        }
                    },
                    "required": ["ref"],
                    "visible": ["ref"],
                    "additionalProperties": false
                }
            },
            "required": ["path"],
            "visible": ["path"],
            "additionalProperties": false
        }
    },
    {
        "name": "SUPABASE__DISABLE_READONLY_MODE",
        "description": "Disables project's readonly mode for the next 15 minutes.",
        "tags": ["readonly", "disable", "temporary"],
        "visibility": "public",
        "active": true,
        "protocol": "rest",
        "protocol_data": {
            "method": "POST",
            "path": "/v1/projects/{ref}/readonly/temporary-disable",
            "server_url": "https://api.supabase.com"
        },
        "parameters": {
            "type": "object",
            "properties": {
                "path": {
                    "type": "object",
                    "description": "path parameters",
                    "properties": {
                        "ref": {
                            "type": "string",
                            "description": "Project ref"
                        }
                    },
                    "required": ["ref"],
                    "visible": ["ref"],
                    "additionalProperties": false
                }
            },
            "required": ["path"],
            "visible": ["path"],
            "additionalProperties": false
        }
    },
    {
        "name": "SUPABASE__GENERATE_TYPESCRIPT_TYPES",
        "description": "Generates TypeScript types of your schema for use with supabase-js.",
        "tags": ["typescript", "types", "generate"],
        "visibility": "public",
        "active": true,
        "protocol": "rest",
        "protocol_data": {
            "method": "GET",
            "path": "/v1/projects/{ref}/types/typescript",
            "server_url": "https://api.supabase.com"
        },
        "parameters": {
            "type": "object",
            "properties": {
                "path": {
                    "type": "object",
                    "description": "path parameters",
                    "properties": {
                        "ref": {
                            "type": "string",
                            "description": "Project ref"
                        }
                    },
                    "required": ["ref"],
                    "visible": ["ref"],
                    "additionalProperties": false
                },
                "query": {
                    "type": "object",
                    "description": "query parameters",
                    "properties": {
                        "included_schemas": {
                            "type": "string",
                            "description": "Included schemas"
                        }
                    },
                    "required": [],
                    "visible": ["included_schemas"],
                    "additionalProperties": false
                }
            },
            "required": ["path"],
            "visible": ["path", "query"],
            "additionalProperties": false
        }
    },
    {
        "name": "SUPABASE__LIST_ORGANIZATIONS",
        "description": "List all organizations",
        "tags": ["organization", "list"],
        "visibility": "public",
        "active": true,
        "protocol": "rest",
        "protocol_data": {
            "method": "GET",
            "path": "/v1/organizations",
            "server_url": "https://api.supabase.com"
        },
        "parameters": {
            "type": "object",
            "properties": {},
            "required": [],
            "visible": [],
            "additionalProperties": false
        }
    },
    {
        "name": "SUPABASE__LIST_ORGANIZATION_MEMBERS",
        "description": "List members of an organization",
        "tags": ["organization", "members", "list"],
        "visibility": "public",
        "active": true,
        "protocol": "rest",
        "protocol_data": {
            "method": "GET",
            "path": "/v1/organizations/{slug}/members",
            "server_url": "https://api.supabase.com"
        },
        "parameters": {
            "type": "object",
            "properties": {
                "path": {
                    "type": "object",
                    "description": "path parameters",
                    "properties": {
                        "slug": {
                            "type": "string",
                            "description": "Organization slug"
                        }
                    },
                    "required": ["slug"],
                    "visible": ["slug"],
                    "additionalProperties": false
                }
            },
            "required": ["path"],
            "visible": ["path"],
            "additionalProperties": false
        }
    },
    {
        "name": "SUPABASE__GET_ORGANIZATION",
        "description": "Gets information about the organization",
        "tags": ["organization", "get", "info"],
        "visibility": "public",
        "active": true,
        "protocol": "rest",
        "protocol_data": {
            "method": "GET",
            "path": "/v1/organizations/{slug}",
            "server_url": "https://api.supabase.com"
        },
        "parameters": {
            "type": "object",
            "properties": {
                "path": {
                    "type": "object",
                    "description": "path parameters",
                    "properties": {
                        "slug": {
                            "type": "string",
                            "description": "Organization slug"
                        }
                    },
                    "required": ["slug"],
                    "visible": ["slug"],
                    "additionalProperties": false
                }
            },
            "required": ["path"],
            "visible": ["path"],
            "additionalProperties": false
        }
    },
    {
        "name": "SUPABASE__CREATE_ORGANIZATION",
        "description": "Create an organization",
        "tags": ["organization", "create"],
        "visibility": "public",
        "active": true,
        "protocol": "rest",
        "protocol_data": {
            "method": "POST",
            "path": "/v1/organizations",
            "server_url": "https://api.supabase.com"
        },
        "parameters": {
            "type": "object",
            "properties": {
                "body": {
                    "type": "object",
                    "description": "body parameters",
                    "properties": {
                        "name": {
                            "type": "string",
                            "description": "Organization name"
                        }
                    },
                    "required": ["name"],
                    "visible": ["name"],
                    "additionalProperties": false
                }
            },
            "required": ["body"],
            "visible": ["body"],
            "additionalProperties": false
        }
    },
    {
        "name": "SUPABASE__LIST_PROJECTS",
        "description": "List all projects",
        "tags": ["project", "list"],
        "visibility": "public",
        "active": true,
        "protocol": "rest",
        "protocol_data": {
            "method": "GET",
            "path": "/v1/projects",
            "server_url": "https://api.supabase.com"
        },
        "parameters": {
            "type": "object",
            "properties": {},
            "required": [],
            "visible": [],
            "additionalProperties": false
        }
    },
    {
        "name": "SUPABASE__GET_PROJECT",
        "description": "Get a project",
        "tags": ["project", "get"],
        "visibility": "public",
        "active": true,
        "protocol": "rest",
        "protocol_data": {
            "method": "GET",
            "path": "/v1/projects/{ref}",
            "server_url": "https://api.supabase.com"
        },
        "parameters": {
            "type": "object",
            "properties": {
                "path": {
                    "type": "object",
                    "description": "path parameters",
                    "properties": {
                        "ref": {
                            "type": "string",
                            "description": "Project ref"
                        }
                    },
                    "required": ["ref"],
                    "visible": ["ref"],
                    "additionalProperties": false
                }
            },
            "required": ["path"],
            "visible": ["path"],
            "additionalProperties": false
        }
    },
    {
        "name": "SUPABASE__CREATE_PROJECT",
        "description": "Create a project",
        "tags": ["project", "create"],
        "visibility": "public",
        "active": true,
        "protocol": "rest",
        "protocol_data": {
            "method": "POST",
            "path": "/v1/projects",
            "server_url": "https://api.supabase.com"
        },
        "parameters": {
            "type": "object",
            "properties": {
                "body": {
                    "type": "object",
                    "description": "body parameters",
                    "properties": {
                        "db_pass": {
                            "type": "string",
                            "description": "Database password"
                        },
                        "name": {
                            "type": "string",
                            "description": "Project name"
                        },
                        "organization_id": {
                            "type": "string",
                            "description": "Organization ID"
                        },
                        "region": {
                            "type": "string",
                            "description": "Region",
                            "enum": [
                                "us-east-1",
                                "us-east-2",
                                "us-west-1",
                                "us-west-2",
                                "ap-east-1",
                                "ap-southeast-1",
                                "ap-northeast-1",
                                "ap-northeast-2",
                                "ap-southeast-2",
                                "eu-west-1",
                                "eu-west-2",
                                "eu-west-3",
                                "eu-north-1",
                                "eu-central-1",
                                "eu-central-2",
                                "ca-central-1",
                                "ap-south-1",
                                "sa-east-1"
                            ]
                        },
                        "desired_instance_size": {
                            "type": "string",
                            "description": "Desired instance size",
                            "enum": [
                                "micro",
                                "small",
                                "medium",
                                "large",
                                "xlarge",
                                "2xlarge",
                                "4xlarge",
                                "8xlarge",
                                "12xlarge",
                                "16xlarge"
                            ]
                        },
                        "template_url": {
                            "type": "string",
                            "description": "Template URL"
                        }
                    },
                    "required": ["db_pass", "name", "organization_id", "region"],
                    "visible": [
                        "db_pass",
                        "name",
                        "organization_id",
                        "region",
                        "desired_instance_size",
                        "template_url"
                    ],
                    "additionalProperties": false
                }
            },
            "required": ["body"],
            "visible": ["body"],
            "additionalProperties": false
        }
    },
    {
        "name": "SUPABASE__DELETE_PROJECT",
        "description": "Deletes the given project",
        "tags": ["project", "delete"],
        "visibility": "public",
        "active": true,
        "protocol": "rest",
        "protocol_data": {
            "method": "DELETE",
            "path": "/v1/projects/{ref}",
            "server_url": "https://api.supabase.com"
        },
        "parameters": {
            "type": "object",
            "properties": {
                "path": {
                    "type": "object",
                    "description": "path parameters",
                    "properties": {
                        "ref": {
                            "type": "string",
                            "description": "Project ref"
                        }
                    },
                    "required": ["ref"],
                    "visible": ["ref"],
                    "additionalProperties": false
                }
            },
            "required": ["path"],
            "visible": ["path"],
            "additionalProperties": false
        }
    },
    {
        "name": "SUPABASE__RESTORE_PROJECT",
        "description": "Restores the given project",
        "tags": ["project", "restore"],
        "visibility": "public",
        "active": true,
        "protocol": "rest",
        "protocol_data": {
            "method": "POST",
            "path": "/v1/projects/{ref}/restore",
            "server_url": "https://api.supabase.com"
        },
        "parameters": {
            "type": "object",
            "properties": {
                "path": {
                    "type": "object",
                    "description": "path parameters",
                    "properties": {
                        "ref": {
                            "type": "string",
                            "description": "Project ref"
                        }
                    },
                    "required": ["ref"],
                    "visible": ["ref"],
                    "additionalProperties": false
                }
            },
            "required": ["path"],
            "visible": ["path"],
            "additionalProperties": false
        }
    },
    {
        "name": "SUPABASE__PAUSE_PROJECT",
        "description": "Pauses the given project",
        "tags": ["project", "pause"],
        "visibility": "public",
        "active": true,
        "protocol": "rest",
        "protocol_data": {
            "method": "POST",
            "path": "/v1/projects/{ref}/pause",
            "server_url": "https://api.supabase.com"
        },
        "parameters": {
            "type": "object",
            "properties": {
                "path": {
                    "type": "object",
                    "description": "path parameters",
                    "properties": {
                        "ref": {
                            "type": "string",
                            "description": "Project ref"
                        }
                    },
                    "required": ["ref"],
                    "visible": ["ref"],
                    "additionalProperties": false
                }
            },
            "required": ["path"],
            "visible": ["path"],
            "additionalProperties": false
        }
    },
    {
        "name": "SUPABASE__CANCEL_PROJECT_RESTORATION",
        "description": "Cancels the given project restoration",
        "tags": ["project", "restore", "cancel"],
        "visibility": "public",
        "active": true,
        "protocol": "rest",
        "protocol_data": {
            "method": "POST",
            "path": "/v1/projects/{ref}/restore/cancel",
            "server_url": "https://api.supabase.com"
        },
        "parameters": {
            "type": "object",
            "properties": {
                "path": {
                    "type": "object",
                    "description": "path parameters",
                    "properties": {
                        "ref": {
                            "type": "string",
                            "description": "Project ref"
                        }
                    },
                    "required": ["ref"],
                    "visible": ["ref"],
                    "additionalProperties": false
                }
            },
            "required": ["path"],
            "visible": ["path"],
            "additionalProperties": false
        }
    },
    {
        "name": "SUPABASE__GET_PROJECT_HEALTH_STATUS",
        "description": "Gets project's service health status",
        "tags": ["project", "health", "status"],
        "visibility": "public",
        "active": true,
        "protocol": "rest",
        "protocol_data": {
            "method": "GET",
            "path": "/v1/projects/{ref}/health",
            "server_url": "https://api.supabase.com"
        },
        "parameters": {
            "type": "object",
            "properties": {
                "path": {
                    "type": "object",
                    "description": "path parameters",
                    "properties": {
                        "ref": {
                            "type": "string",
                            "description": "Project ref"
                        }
                    },
                    "required": ["ref"],
                    "visible": ["ref"],
                    "additionalProperties": false
                },
                "query": {
                    "type": "object",
                    "description": "query parameters",
                    "properties": {
                        "services": {
                            "type": "string",
                            "description": "Comma-separated list of services to check health for (e.g., 'auth,db,pooler,realtime,rest,storage')"
                        },
                        "timeout_ms": {
                            "type": "integer",
                            "description": "Timeout in milliseconds for the health check"
                        }
                    },
                    "required": ["services"],
                    "visible": ["services", "timeout_ms"],
                    "additionalProperties": false
                }
            },
            "required": ["path", "query"],
            "visible": ["path", "query"],
            "additionalProperties": false
        }
    },
    {
        "name": "SUPABASE__GET_PROJECT_API_KEYS",
        "description": "Get project api keys",
        "tags": ["project", "api", "keys", "get"],
        "visibility": "public",
        "active": true,
        "protocol": "rest",
        "protocol_data": {
            "method": "GET",
            "path": "/v1/projects/{ref}/api-keys",
            "server_url": "https://api.supabase.com"
        },
        "parameters": {
            "type": "object",
            "properties": {
                "path": {
                    "type": "object",
                    "description": "path parameters",
                    "properties": {
                        "ref": {
                            "type": "string",
                            "description": "Project ref"
                        }
                    },
                    "required": ["ref"],
                    "visible": ["ref"],
                    "additionalProperties": false
                },
                "query": {
                    "type": "object",
                    "description": "query parameters",
                    "properties": {
                        "reveal": {
                            "type": "boolean",
                            "description": "Whether to reveal the API keys"
                        }
                    },
                    "required": [],
                    "visible": ["reveal"],
                    "additionalProperties": false
                }
            },
            "required": ["path"],
            "visible": ["path", "query"],
            "additionalProperties": false
        }
    },
    {
        "name": "SUPABASE__RUN_SQL_QUERY",
        "description": "[Beta] Run sql query",
        "tags": ["project", "database", "sql", "query", "beta"],
        "visibility": "public",
        "active": true,
        "protocol": "rest",
        "protocol_data": {
            "method": "POST",
            "path": "/v1/projects/{ref}/database/query",
            "server_url": "https://api.supabase.com"
        },
        "parameters": {
            "type": "object",
            "properties": {
                "path": {
                    "type": "object",
                    "description": "path parameters",
                    "properties": {
                        "ref": {
                            "type": "string",
                            "description": "Project ref"
                        }
                    },
                    "required": ["ref"],
                    "visible": ["ref"],
                    "additionalProperties": false
                },
                "body": {
                    "type": "object",
                    "description": "body parameters",
                    "properties": {
                        "query": {
                            "type": "string",
                            "description": "SQL query to execute"
                        }
                    },
                    "required": ["query"],
                    "visible": ["query"],
                    "additionalProperties": false
                }
            },
            "required": ["path", "body"],
            "visible": ["path", "body"],
            "additionalProperties": false
        }
    }
]
