[
    {
        "name": "GOCO__GET_COMPANIES",
        "description": "Retrieve a list of companies",
        "tags": [
            "goco",
            "companies"
        ],
        "visibility": "public",
        "active": true,
        "protocol": "rest",
        "protocol_data": {
            "method": "GET",
            "path": "/companies",
            "server_url": "https://api.goco.io/public/api/v1"
        },
        "parameters": {
            "type": "object",
            "properties": {
                "header": {
                    "type": "object",
                    "description": "Headers for the HTTP request",
                    "properties": {
                        "Content-Type": {
                            "type": "string",
                            "description": "Content-Type header",
                            "default": "application/json"
                        }
                    },
                    "additionalProperties": false,
                    "required": [
                        "Content-Type"
                    ],
                    "visible": []
                }
            },
            "required": [
                "header"
            ],
            "visible": [],
            "additionalProperties": false
        }
    },
    {
        "name": "GOCO__GET_CUSTOM_FIELDS",
        "description": "Retrieve a list of custom fields for a company",
        "tags": [
            "goco",
            "custom_fields"
        ],
        "visibility": "public",
        "active": true,
        "protocol": "rest",
        "protocol_data": {
            "method": "GET",
            "path": "/companies/{companyUrlName}/custom_fields",
            "server_url": "https://api.goco.io/public/api/v1"
        },
        "parameters": {
            "type": "object",
            "properties": {
                "header": {
                    "type": "object",
                    "description": "Headers for the HTTP request",
                    "properties": {
                        "Content-Type": {
                            "type": "string",
                            "description": "Content-Type header",
                            "default": "application/json"
                        }
                    },
                    "additionalProperties": false,
                    "required": [
                        "Content-Type"
                    ],
                    "visible": []
                },
                "path": {
                    "type": "object",
                    "description": "Path parameters",
                    "properties": {
                        "companyUrlName": {
                            "type": "string",
                            "description": "The URL name of the company"
                        }
                    },
                    "required": [
                        "companyUrlName"
                    ],
                    "visible": [
                        "companyUrlName"
                    ],
                    "additionalProperties": false
                }
            },
            "required": [
                "header",
                "path"
            ],
            "visible": [
                "path"
            ],
            "additionalProperties": false
        }
    },
    {
        "name": "GOCO__GET_DEPARTMENTS",
        "description": "Retrieve a list of departments",
        "tags": [
            "goco",
            "departments"
        ],
        "visibility": "public",
        "active": true,
        "protocol": "rest",
        "protocol_data": {
            "method": "GET",
            "path": "/companies/{companyUrlName}/departments",
            "server_url": "https://api.goco.io/public/api/v1"
        },
        "parameters": {
            "type": "object",
            "properties": {
                "header": {
                    "type": "object",
                    "description": "Headers for the HTTP request",
                    "properties": {
                        "Content-Type": {
                            "type": "string",
                            "description": "Content-Type header",
                            "default": "application/json"
                        }
                    },
                    "additionalProperties": false,
                    "required": [
                        "Content-Type"
                    ],
                    "visible": []
                },
                "path": {
                    "type": "object",
                    "description": "Path parameters",
                    "properties": {
                        "companyUrlName": {
                            "type": "string",
                            "description": "The URL name of the company"
                        }
                    },
                    "required": [
                        "companyUrlName"
                    ],
                    "visible": [
                        "companyUrlName"
                    ],
                    "additionalProperties": false
                }
            },
            "required": [
                "header",
                "path"
            ],
            "visible": [
                "path"
            ],
            "additionalProperties": false
        }
    },
    {
        "name": "GOCO__GET_JOB_TITLES",
        "description": "Retrieve a list of job titles",
        "tags": [
            "goco",
            "job_titles"
        ],
        "visibility": "public",
        "active": true,
        "protocol": "rest",
        "protocol_data": {
            "method": "GET",
            "path": "/companies/{companyUrlName}/job_titles",
            "server_url": "https://api.goco.io/public/api/v1"
        },
        "parameters": {
            "type": "object",
            "properties": {
                "header": {
                    "type": "object",
                    "description": "Headers for the HTTP request",
                    "properties": {
                        "Content-Type": {
                            "type": "string",
                            "description": "Content-Type header",
                            "default": "application/json"
                        }
                    },
                    "additionalProperties": false,
                    "required": [
                        "Content-Type"
                    ],
                    "visible": []
                },
                "path": {
                    "type": "object",
                    "description": "Path parameters",
                    "properties": {
                        "companyUrlName": {
                            "type": "string",
                            "description": "The URL name of the company"
                        }
                    },
                    "required": [
                        "companyUrlName"
                    ],
                    "visible": [
                        "companyUrlName"
                    ],
                    "additionalProperties": false
                }
            },
            "required": [
                "header",
                "path"
            ],
            "visible": [
                "path"
            ],
            "additionalProperties": false
        }
    },
    {
        "name": "GOCO__GET_LOCATIONS",
        "description": "Retrieve a list of locations",
        "tags": [
            "goco",
            "locations"
        ],
        "visibility": "public",
        "active": true,
        "protocol": "rest",
        "protocol_data": {
            "method": "GET",
            "path": "/companies/{companyUrlName}/locations",
            "server_url": "https://api.goco.io/public/api/v1"
        },
        "parameters": {
            "type": "object",
            "properties": {
                "header": {
                    "type": "object",
                    "description": "Headers for the HTTP request",
                    "properties": {
                        "Content-Type": {
                            "type": "string",
                            "description": "Content-Type header",
                            "default": "application/json"
                        }
                    },
                    "additionalProperties": false,
                    "required": [
                        "Content-Type"
                    ],
                    "visible": []
                },
                "path": {
                    "type": "object",
                    "description": "Path parameters",
                    "properties": {
                        "companyUrlName": {
                            "type": "string",
                            "description": "The URL name of the company"
                        }
                    },
                    "required": [
                        "companyUrlName"
                    ],
                    "visible": [
                        "companyUrlName"
                    ],
                    "additionalProperties": false
                }
            },
            "required": [
                "header",
                "path"
            ],
            "visible": [
                "path"
            ],
            "additionalProperties": false
        }
    }
]
