[
    {
        "name": "GOOGLE_SHEETS__SPREADSHEET_CREATE",
        "description": "Creates a new spreadsheet with specified properties and sheets",
        "tags": ["spreadsheet", "create"],
        "visibility": "public",
        "active": true,
        "protocol": "rest",
        "protocol_data": {
            "method": "POST",
            "path": "/spreadsheets",
            "server_url": "https://sheets.googleapis.com/v4"
        },
        "parameters": {
            "type": "object",
            "properties": {
                "body": {
                    "type": "object",
                    "description": "Request body parameters for creating a spreadsheet",
                    "properties": {
                        "properties": {
                            "type": "object",
                            "description": "Properties of the spreadsheet",
                            "properties": {
                                "title": {
                                    "type": "string",
                                    "description": "The title of the spreadsheet"
                                },
                                "locale": {
                                    "type": "string",
                                    "description": "The locale of the spreadsheet in one of the following formats: an ISO 639-1 language code such as 'en', or an ISO 639-1 language code plus an ISO 3166-1 alpha-2 country code, such as 'en_US'"
                                },
                                "autoRecalc": {
                                    "type": "string",
                                    "enum": ["ON_CHANGE", "MINUTE", "HOUR"],
                                    "description": "The amount of time to wait before volatile functions are recalculated"
                                },
                                "timeZone": {
                                    "type": "string",
                                    "description": "The time zone of the spreadsheet, in CLDR format such as 'America/New_York'"
                                },
                                "iterativeCalculationSettings": {
                                    "type": "object",
                                    "description": "Settings to control how iterative calculations are performed",
                                    "properties": {
                                        "maxIterations": {
                                            "type": "integer",
                                            "description": "When iterative calculation is enabled and the results differ between attempts, the maximum number of times to recalculate"
                                        },
                                        "convergenceThreshold": {
                                            "type": "number",
                                            "description": "When iterative calculation is enabled, the minimum change between iterative calculations for the calculation to converge"
                                        }
                                    },
                                    "required": [],
                                    "visible": ["maxIterations", "convergenceThreshold"],
                                    "additionalProperties": false
                                }
                            },
                            "required": [],
                            "visible": ["title", "locale", "autoRecalc", "timeZone", "iterativeCalculationSettings"],
                            "additionalProperties": false
                        },
                        "sheets": {
                            "type": "array",
                            "description": "The sheets in this spreadsheet",
                            "items": {
                                "type": "object",
                                "properties": {
                                    "properties": {
                                        "type": "object",
                                        "properties": {
                                            "title": {
                                                "type": "string",
                                                "description": "The title of the sheet"
                                            },
                                            "index": {
                                                "type": "integer",
                                                "description": "The index of the sheet within the spreadsheet"
                                            },
                                            "sheetId": {
                                                "type": "integer",
                                                "description": "The ID of the sheet"
                                            },
                                            "sheetType": {
                                                "type": "string",
                                                "enum": ["GRID", "OBJECT"],
                                                "description": "The type of sheet"
                                            },
                                            "gridProperties": {
                                                "type": "object",
                                                "properties": {
                                                    "rowCount": {
                                                        "type": "integer",
                                                        "description": "The number of rows in the grid"
                                                    },
                                                    "columnCount": {
                                                        "type": "integer",
                                                        "description": "The number of columns in the grid"
                                                    },
                                                    "frozenRowCount": {
                                                        "type": "integer",
                                                        "description": "The number of rows that are frozen in the grid"
                                                    },
                                                    "frozenColumnCount": {
                                                        "type": "integer",
                                                        "description": "The number of columns that are frozen in the grid"
                                                    },
                                                    "hideGridlines": {
                                                        "type": "boolean",
                                                        "description": "True if the gridlines are hidden"
                                                    }
                                                },
                                                "required": [],
                                                "visible": ["rowCount", "columnCount", "frozenRowCount", "frozenColumnCount", "hideGridlines"],
                                                "additionalProperties": false
                                            }
                                        },
                                        "required": [],
                                        "visible": ["title", "index", "sheetId", "sheetType", "gridProperties"],
                                        "additionalProperties": false
                                    }
                                },
                                "required": ["properties"],
                                "visible": ["properties"],
                                "additionalProperties": false
                            }
                        },
                        "namedRanges": {
                            "type": "array",
                            "description": "Named ranges in the spreadsheet",
                            "items": {
                                "type": "object",
                                "properties": {
                                    "namedRangeId": {
                                        "type": "string",
                                        "description": "The ID of the named range"
                                    },
                                    "name": {
                                        "type": "string",
                                        "description": "The name of the named range"
                                    },
                                    "range": {
                                        "type": "object",
                                        "properties": {
                                            "sheetId": {
                                                "type": "integer",
                                                "description": "The sheet this range is on"
                                            },
                                            "startRowIndex": {
                                                "type": "integer",
                                                "description": "The start row (inclusive) of the range, or not set if unbounded"
                                            },
                                            "endRowIndex": {
                                                "type": "integer",
                                                "description": "The end row (exclusive) of the range, or not set if unbounded"
                                            },
                                            "startColumnIndex": {
                                                "type": "integer",
                                                "description": "The start column (inclusive) of the range, or not set if unbounded"
                                            },
                                            "endColumnIndex": {
                                                "type": "integer",
                                                "description": "The end column (exclusive) of the range, or not set if unbounded"
                                            }
                                        },
                                        "required": ["sheetId"],
                                        "visible": ["sheetId", "startRowIndex", "endRowIndex", "startColumnIndex", "endColumnIndex"],
                                        "additionalProperties": false
                                    }
                                },
                                "required": ["name", "range"],
                                "visible": ["namedRangeId", "name", "range"],
                                "additionalProperties": false
                            }
                        },
                        "spreadsheetUrl": {
                            "type": "string",
                            "description": "The URL of the spreadsheet"
                        },
                        "developerMetadata": {
                            "type": "array",
                            "description": "Developer metadata associated with the spreadsheet",
                            "items": {
                                "type": "object",
                                "properties": {
                                    "metadataId": {
                                        "type": "integer",
                                        "description": "The ID of the developer metadata"
                                    },
                                    "metadataKey": {
                                        "type": "string",
                                        "description": "The key of the developer metadata"
                                    },
                                    "metadataValue": {
                                        "type": "string",
                                        "description": "The value of the developer metadata"
                                    },
                                    "visibility": {
                                        "type": "string",
                                        "enum": ["DEVELOPER_STRING", "DOCUMENT", "PROJECT"],
                                        "description": "The visibility of the developer metadata"
                                    },
                                    "location": {
                                        "type": "object",
                                        "description": "The location of the developer metadata",
                                        "properties": {
                                            "sheetId": {
                                                "type": "integer",
                                                "description": "The sheet ID"
                                            },
                                            "dimensionRange": {
                                                "type": "object",
                                                "description": "The dimension range",
                                                "properties": {
                                                    "sheetId": {
                                                        "type": "integer",
                                                        "description": "The sheet ID"
                                                    },
                                                    "dimension": {
                                                        "type": "string",
                                                        "enum": ["ROWS", "COLUMNS"],
                                                        "description": "The dimension"
                                                    },
                                                    "startIndex": {
                                                        "type": "integer",
                                                        "description": "The start index"
                                                    },
                                                    "endIndex": {
                                                        "type": "integer",
                                                        "description": "The end index"
                                                    }
                                                },
                                                "required": ["sheetId", "dimension", "startIndex", "endIndex"],
                                                "visible": ["sheetId", "dimension", "startIndex", "endIndex"],
                                                "additionalProperties": false
                                            }
                                        },
                                        "required": ["sheetId"],
                                        "visible": ["sheetId", "dimensionRange"],
                                        "additionalProperties": false
                                    }
                                },
                                "required": ["metadataKey", "metadataValue", "visibility", "location"],
                                "visible": ["metadataId", "metadataKey", "metadataValue", "visibility", "location"],
                                "additionalProperties": false
                            }
                        },
                        "dataSources": {
                            "type": "array",
                            "description": "Data sources associated with the spreadsheet",
                            "items": {
                                "type": "object",
                                "properties": {
                                    "dataSourceId": {
                                        "type": "string",
                                        "description": "The ID of the data source"
                                    },
                                    "spec": {
                                        "type": "object",
                                        "description": "The specification of the data source",
                                        "properties": {
                                            "parameters": {
                                                "type": "array",
                                                "description": "Parameters for the data source",
                                                "items": {
                                                    "type": "object",
                                                    "properties": {
                                                        "name": {
                                                            "type": "string",
                                                            "description": "The name of the parameter"
                                                        },
                                                        "value": {
                                                            "type": "string",
                                                            "description": "The value of the parameter"
                                                        }
                                                    },
                                                    "required": ["name", "value"],
                                                    "visible": ["name", "value"],
                                                    "additionalProperties": false
                                                }
                                            }
                                        },
                                        "required": [],
                                        "visible": ["parameters"],
                                        "additionalProperties": false
                                    }
                                },
                                "required": ["dataSourceId", "spec"],
                                "visible": ["dataSourceId", "spec"],
                                "additionalProperties": false
                            }
                        },
                        "dataSourceSchedules": {
                            "type": "array",
                            "description": "Data source refresh schedules",
                            "items": {
                                "type": "object",
                                "properties": {
                                    "dataSourceId": {
                                        "type": "string",
                                        "description": "The ID of the data source"
                                    },
                                    "refreshSchedule": {
                                        "type": "object",
                                        "description": "The refresh schedule",
                                        "properties": {
                                            "dailySchedule": {
                                                "type": "object",
                                                "description": "Daily refresh schedule",
                                                "properties": {
                                                    "startTime": {
                                                        "type": "object",
                                                        "description": "The start time",
                                                        "properties": {
                                                            "hours": {
                                                                "type": "integer",
                                                                "description": "Hours of day in 24 hour format"
                                                            },
                                                            "minutes": {
                                                                "type": "integer",
                                                                "description": "Minutes of hour"
                                                            },
                                                            "seconds": {
                                                                "type": "integer",
                                                                "description": "Seconds of minute"
                                                            },
                                                            "nanos": {
                                                                "type": "integer",
                                                                "description": "Fractions of seconds in nanoseconds"
                                                            }
                                                        },
                                                        "required": [],
                                                        "visible": ["hours", "minutes", "seconds", "nanos"],
                                                        "additionalProperties": false
                                                    }
                                                },
                                                "required": ["startTime"],
                                                "visible": ["startTime"],
                                                "additionalProperties": false
                                            },
                                            "weeklySchedule": {
                                                "type": "object",
                                                "description": "Weekly refresh schedule",
                                                "properties": {
                                                    "startTime": {
                                                        "type": "object",
                                                        "description": "The start time",
                                                        "properties": {
                                                            "hours": {
                                                                "type": "integer",
                                                                "description": "Hours of day in 24 hour format"
                                                            },
                                                            "minutes": {
                                                                "type": "integer",
                                                                "description": "Minutes of hour"
                                                            },
                                                            "seconds": {
                                                                "type": "integer",
                                                                "description": "Seconds of minute"
                                                            },
                                                            "nanos": {
                                                                "type": "integer",
                                                                "description": "Fractions of seconds in nanoseconds"
                                                            }
                                                        },
                                                        "required": [],
                                                        "visible": ["hours", "minutes", "seconds", "nanos"],
                                                        "additionalProperties": false
                                                    },
                                                    "daysOfWeek": {
                                                        "type": "array",
                                                        "description": "Days of the week to refresh",
                                                        "items": {
                                                            "type": "string",
                                                            "enum": ["DAY_OF_WEEK_UNSPECIFIED", "MONDAY", "TUESDAY", "WEDNESDAY", "THURSDAY", "FRIDAY", "SATURDAY", "SUNDAY"]
                                                        }
                                                    }
                                                },
                                                "required": ["startTime", "daysOfWeek"],
                                                "visible": ["startTime", "daysOfWeek"],
                                                "additionalProperties": false
                                            },
                                            "monthlySchedule": {
                                                "type": "object",
                                                "description": "Monthly refresh schedule",
                                                "properties": {
                                                    "startTime": {
                                                        "type": "object",
                                                        "description": "The start time",
                                                        "properties": {
                                                            "hours": {
                                                                "type": "integer",
                                                                "description": "Hours of day in 24 hour format"
                                                            },
                                                            "minutes": {
                                                                "type": "integer",
                                                                "description": "Minutes of hour"
                                                            },
                                                            "seconds": {
                                                                "type": "integer",
                                                                "description": "Seconds of minute"
                                                            },
                                                            "nanos": {
                                                                "type": "integer",
                                                                "description": "Fractions of seconds in nanoseconds"
                                                            }
                                                        },
                                                        "required": [],
                                                        "visible": ["hours", "minutes", "seconds", "nanos"],
                                                        "additionalProperties": false
                                                    },
                                                    "daysOfMonth": {
                                                        "type": "array",
                                                        "description": "Days of the month to refresh",
                                                        "items": {
                                                            "type": "integer"
                                                        }
                                                    }
                                                },
                                                "required": ["startTime", "daysOfMonth"],
                                                "visible": ["startTime", "daysOfMonth"],
                                                "additionalProperties": false
                                            }
                                        },
                                        "required": [],
                                        "visible": ["dailySchedule", "weeklySchedule", "monthlySchedule"],
                                        "additionalProperties": false
                                    }
                                },
                                "required": ["dataSourceId", "refreshSchedule"],
                                "visible": ["dataSourceId", "refreshSchedule"],
                                "additionalProperties": false
                            }
                        }
                    },
                    "required": ["properties"],
                    "visible": ["properties", "sheets", "namedRanges", "spreadsheetUrl", "developerMetadata", "dataSources", "dataSourceSchedules"],
                    "additionalProperties": false
                }
            },
            "required": ["body"],
            "visible": ["body"],
            "additionalProperties": false
        }
    },
    {
        "name": "GOOGLE_SHEETS__VALUES_GET",
        "description": "Retrieves data from specified range in a spreadsheet",
        "tags": ["spreadsheet", "read"],
        "visibility": "public",
        "active": true,
        "protocol": "rest",
        "protocol_data": {
            "method": "GET",
            "path": "/spreadsheets/{spreadsheetId}/values/{range}",
            "server_url": "https://sheets.googleapis.com/v4"
        },
        "parameters": {
            "type": "object",
            "properties": {
                "path": {
                    "type": "object",
                    "properties": {
                        "spreadsheetId": {
                            "type": "string",
                            "description": "The ID of the spreadsheet to retrieve data from"
                        },
                        "range": {
                            "type": "string",
                            "description": "The A1 notation or R1C1 notation of the range to retrieve values from"
                        }
                    },
                    "required": ["spreadsheetId", "range"],
                    "visible": ["spreadsheetId", "range"],
                    "additionalProperties": false
                },
                "query": {
                    "type": "object",
                    "properties": {
                        "majorDimension": {
                            "type": "string",
                            "enum": ["ROWS", "COLUMNS"],
                            "description": "The major dimension that results should use"
                        },
                        "valueRenderOption": {
                            "type": "string",
                            "enum": ["FORMATTED_VALUE", "UNFORMATTED_VALUE", "FORMULA"],
                            "default": "FORMATTED_VALUE",
                            "description": "How values should be rendered in the output"
                        },
                        "dateTimeRenderOption": {
                            "type": "string",
                            "enum": ["SERIAL_NUMBER", "FORMATTED_STRING"],
                            "default": "SERIAL_NUMBER",
                            "description": "How dates, times, and durations should be represented in the output"
                        }
                    },
                    "required": [],
                    "visible": ["majorDimension", "valueRenderOption", "dateTimeRenderOption"],
                    "additionalProperties": false
                }
            },
            "required": ["path"],
            "visible": ["path", "query"],
            "additionalProperties": false
        }
    },
    {
        "name": "GOOGLE_SHEETS__VALUES_UPDATE",
        "description": "Sets values in a range of a spreadsheet. The caller must specify the spreadsheet ID, range, and a valueInputOption.",
        "tags": ["spreadsheet", "write"],
        "visibility": "public",
        "active": true,
        "protocol": "rest",
        "protocol_data": {
            "method": "PUT",
            "path": "/spreadsheets/{spreadsheetId}/values/{range}",
            "server_url": "https://sheets.googleapis.com/v4"
        },
        "parameters": {
            "type": "object",
            "properties": {
                "path": {
                    "type": "object",
                    "properties": {
                        "spreadsheetId": {
                            "type": "string",
                            "description": "The ID of the spreadsheet to update"
                        },
                        "range": {
                            "type": "string",
                            "description": "The A1 notation of the values to update"
                        }
                    },
                    "required": ["spreadsheetId", "range"],
                    "visible": ["spreadsheetId", "range"],
                    "additionalProperties": false
                },
                "query": {
                    "type": "object",
                    "properties": {
                        "valueInputOption": {
                            "type": "string",
                            "enum": ["INPUT_VALUE_OPTION_UNSPECIFIED", "RAW", "USER_ENTERED"],
                            "description": "How the input data should be interpreted"
                        },
                        "includeValuesInResponse": {
                            "type": "boolean",
                            "description": "Determines if the update response should include the values of the cells that were updated. By default, responses do not include the updated values. If the range to write was larger than the range actually written, the response includes all values in the requested range (excluding trailing empty rows and columns)."
                        },
                        "responseValueRenderOption": {
                            "type": "string",
                            "enum": ["FORMATTED_VALUE", "UNFORMATTED_VALUE", "FORMULA"],
                            "default": "FORMATTED_VALUE",
                            "description": "Determines how values in the response should be rendered. The default render option is FORMATTED_VALUE."
                        },
                        "responseDateTimeRenderOption": {
                            "type": "string",
                            "enum": ["SERIAL_NUMBER", "FORMATTED_STRING"],
                            "default": "SERIAL_NUMBER",
                            "description": "Determines how dates, times, and durations in the response should be rendered. This is ignored if responseValueRenderOption is FORMATTED_VALUE. The default dateTime render option is SERIAL_NUMBER."
                        }
                    },
                    "required": ["valueInputOption"],
                    "visible": ["valueInputOption", "includeValuesInResponse", "responseValueRenderOption", "responseDateTimeRenderOption"],
                    "additionalProperties": false
                },
                "body": {
                    "type": "object",
                    "description": "The request body contains an instance of ValueRange",
                    "properties": {
                        "range": {
                            "type": "string",
                            "description": "The range the values cover, in A1 notation. For output, this range indicates the entire requested range, even though the values will exclude trailing rows and columns. When appending values, this field represents the range to search for a table, after which values will be appended."
                        },
                        "majorDimension": {
                            "type": "string",
                            "enum": ["DIMENSION_UNSPECIFIED", "ROWS", "COLUMNS"],
                            "description": "Indicates which dimension an operation should apply to. ROWS: Operates on the rows of a sheet. COLUMNS: Operates on the columns of a sheet. DIMENSION_UNSPECIFIED: The default value, do not use."
                        },
                        "values": {
                            "type": "array",
                            "items": {
                                "type": "array",
                                "items": {
                                    "oneOf": [
                                        {
                                            "type": "boolean",
                                            "description": "Boolean value"
                                        },
                                        {
                                            "type": "string",
                                            "description": "String value. To set a cell to an empty value, use an empty string."
                                        },
                                        {
                                            "type": "number",
                                            "description": "Numeric value (double)"
                                        }
                                    ]
                                }
                            },
                            "description": "The data that was read or to be written. This is an array of arrays, the outer array representing all the data and each inner array representing a major dimension. Each item in the inner array corresponds with one cell. For output, empty trailing rows and columns will not be included. For input, supported value types are: bool, string, and double. Null values will be skipped."
                        }
                    },
                    "required": ["values"],
                    "visible": ["range", "values", "majorDimension"],
                    "additionalProperties": false
                }
            },
            "required": ["path", "query", "body"],
            "visible": ["path", "query", "body"],
            "additionalProperties": false
        }
    },
    {
        "name": "GOOGLE_SHEETS__VALUES_BATCH_UPDATE",
        "description": "Sets values in one or more ranges of a spreadsheet. The caller must specify the spreadsheet ID, a valueInputOption, and one or more ValueRanges.",
        "tags": ["spreadsheet", "write"],
        "visibility": "public",
        "active": true,
        "protocol": "rest",
        "protocol_data": {
            "method": "POST",
            "path": "/spreadsheets/{spreadsheetId}/values:batchUpdate",
            "server_url": "https://sheets.googleapis.com/v4"
        },
        "parameters": {
            "type": "object",
            "properties": {
                "path": {
                    "type": "object",
                    "properties": {
                        "spreadsheetId": {
                            "type": "string",
                            "description": "The ID of the spreadsheet to update"
                        }
                    },
                    "required": ["spreadsheetId"],
                    "visible": ["spreadsheetId"],
                    "additionalProperties": false
                },
                "body": {
                    "type": "object",
                    "description": "The request body contains data with the following structure",
                    "properties": {
                        "valueInputOption": {
                            "type": "string",
                            "enum": ["INPUT_VALUE_OPTION_UNSPECIFIED", "RAW", "USER_ENTERED"],
                            "description": "How the input data should be interpreted"
                        },
                        "data": {
                            "type": "array",
                            "description": "The new values to apply to the spreadsheet",
                            "items": {
                                "type": "object",
                                "properties": {
                                    "range": {
                                        "type": "string",
                                        "description": "The range the values cover, in A1 notation. For output, this range indicates the entire requested range, even though the values will exclude trailing rows and columns."
                                    },
                                    "majorDimension": {
                                        "type": "string",
                                        "enum": ["DIMENSION_UNSPECIFIED", "ROWS", "COLUMNS"],
                                        "description": "Indicates which dimension an operation should apply to. ROWS: Operates on the rows of a sheet. COLUMNS: Operates on the columns of a sheet. DIMENSION_UNSPECIFIED: The default value, do not use."
                                    },
                                    "values": {
                                        "type": "array",
                                        "items": {
                                            "type": "array",
                                            "items": {
                                                "oneOf": [
                                                    {
                                                        "type": "boolean",
                                                        "description": "Boolean value"
                                                    },
                                                    {
                                                        "type": "string",
                                                        "description": "String value. To set a cell to an empty value, use an empty string."
                                                    },
                                                    {
                                                        "type": "number",
                                                        "description": "Numeric value (double)"
                                                    }
                                                ]
                                            }
                                        },
                                        "description": "The data that was read or to be written. This is an array of arrays, the outer array representing all the data and each inner array representing a major dimension. Each item in the inner array corresponds with one cell. For output, empty trailing rows and columns will not be included. For input, supported value types are: bool, string, and double. Null values will be skipped."
                                    }
                                },
                                "required": ["range", "values"],
                                "visible": ["range", "values", "majorDimension"],
                                "additionalProperties": false
                            }
                        },
                        "includeValuesInResponse": {
                            "type": "boolean",
                            "description": "Determines if the update response should include the values of the cells that were updated. By default, responses do not include the updated values. The updatedData field within each of the BatchUpdateValuesResponse.responses contains the updated values. If the range to write was larger than the range actually written, the response includes all values in the requested range (excluding trailing empty rows and columns)."
                        },
                        "responseValueRenderOption": {
                            "type": "string",
                            "enum": ["FORMATTED_VALUE", "UNFORMATTED_VALUE", "FORMULA"],
                            "default": "FORMATTED_VALUE",
                            "description": "Determines how values in the response should be rendered. The default render option is FORMATTED_VALUE."
                        },
                        "responseDateTimeRenderOption": {
                            "type": "string",
                            "enum": ["SERIAL_NUMBER", "FORMATTED_STRING"],
                            "default": "SERIAL_NUMBER",
                            "description": "Determines how dates, times, and durations in the response should be rendered. This is ignored if responseValueRenderOption is FORMATTED_VALUE. The default dateTime render option is SERIAL_NUMBER."
                        }
                    },
                    "required": ["valueInputOption"],
                    "visible": ["valueInputOption", "data", "includeValuesInResponse", "responseValueRenderOption", "responseDateTimeRenderOption"],
                    "additionalProperties": false
                }
            },
            "required": ["path", "body"],
            "visible": ["path", "body"],
            "additionalProperties": false
        }
    },
    {
        "name": "GOOGLE_SHEETS__VALUES_APPEND",
        "description": "Appends values to a spreadsheet. The input range is used to search for existing data and find a 'table' within that range. Values will be appended to the next row of the table, starting from the first column of the table. The caller must specify the spreadsheet ID, range, and a valueInputOption. The valueInputOption only controls how the input data will be added to the sheet (column-wise or row-wise), it does not influence what cell the data starts being written to.",
        "tags": ["spreadsheet", "write"],
        "visibility": "public",
        "active": true,
        "protocol": "rest",
        "protocol_data": {
            "method": "POST",
            "path": "/spreadsheets/{spreadsheetId}/values/{range}:append",
            "server_url": "https://sheets.googleapis.com/v4"
        },
        "parameters": {
            "type": "object",
            "properties": {
                "path": {
                    "type": "object",
                    "properties": {
                        "spreadsheetId": {
                            "type": "string",
                            "description": "The ID of the spreadsheet to update"
                        },
                        "range": {
                            "type": "string",
                            "description": "The A1 notation of a range to search for a logical table of data. Values are appended after the last row of the table."
                        }
                    },
                    "required": ["spreadsheetId", "range"],
                    "visible": ["spreadsheetId", "range"],
                    "additionalProperties": false
                },
                "query": {
                    "type": "object",
                    "properties": {
                        "valueInputOption": {
                            "type": "string",
                            "enum": ["INPUT_VALUE_OPTION_UNSPECIFIED", "RAW", "USER_ENTERED"],
                            "description": "How the input data should be interpreted. This only controls how the input data will be added to the sheet (column-wise or row-wise), it does not influence what cell the data starts being written to."
                        },
                        "insertDataOption": {
                            "type": "string",
                            "enum": ["OVERWRITE", "INSERT_ROWS"],
                            "default": "OVERWRITE",
                            "description": "How the input data should be inserted"
                        },
                        "includeValuesInResponse": {
                            "type": "boolean",
                            "description": "Determines if the update response should include the values of the cells that were appended. By default, responses do not include the updated values."
                        },
                        "responseValueRenderOption": {
                            "type": "string",
                            "enum": ["FORMATTED_VALUE", "UNFORMATTED_VALUE", "FORMULA"],
                            "default": "FORMATTED_VALUE",
                            "description": "Determines how values in the response should be rendered. The default render option is FORMATTED_VALUE."
                        },
                        "responseDateTimeRenderOption": {
                            "type": "string",
                            "enum": ["SERIAL_NUMBER", "FORMATTED_STRING"],
                            "default": "SERIAL_NUMBER",
                            "description": "Determines how dates, times, and durations in the response should be rendered. This is ignored if responseValueRenderOption is FORMATTED_VALUE. The default dateTime render option is SERIAL_NUMBER."
                        }
                    },
                    "required": ["valueInputOption"],
                    "visible": ["valueInputOption", "insertDataOption", "includeValuesInResponse", "responseValueRenderOption", "responseDateTimeRenderOption"],
                    "additionalProperties": false
                },
                "body": {
                    "type": "object",
                    "description": "The request body contains an instance of ValueRange",
                    "properties": {
                        "range": {
                            "type": "string",
                            "description": "The range the values cover, in A1 notation. For output, this range indicates the entire requested range, even though the values will exclude trailing rows and columns. When appending values, this field represents the range to search for a table, after which values will be appended."
                        },
                        "majorDimension": {
                            "type": "string",
                            "enum": ["DIMENSION_UNSPECIFIED", "ROWS", "COLUMNS"],
                            "description": "Indicates which dimension an operation should apply to. ROWS: Operates on the rows of a sheet. COLUMNS: Operates on the columns of a sheet. DIMENSION_UNSPECIFIED: The default value, do not use."
                        },
                        "values": {
                            "type": "array",
                            "items": {
                                "type": "array",
                                "items": {
                                    "oneOf": [
                                        {
                                            "type": "boolean",
                                            "description": "Boolean value"
                                        },
                                        {
                                            "type": "string",
                                            "description": "String value. To set a cell to an empty value, use an empty string."
                                        },
                                        {
                                            "type": "number",
                                            "description": "Numeric value (double)"
                                        }
                                    ]
                                }
                            },
                            "description": "The data that was read or to be written. This is an array of arrays, the outer array representing all the data and each inner array representing a major dimension. Each item in the inner array corresponds with one cell. For output, empty trailing rows and columns will not be included. For input, supported value types are: bool, string, and double. Null values will be skipped."
                        }
                    },
                    "required": ["range", "values"],
                    "visible": ["range", "values", "majorDimension"],
                    "additionalProperties": false
                }
            },
            "required": ["path", "query", "body"],
            "visible": ["path", "query", "body"],
            "additionalProperties": false
        }
    }
]
