[
    {
        "name": "REDDIT__GET_SUBREDDIT_POSTS",
        "description": "Retrieves posts from a specified subreddit",
        "tags": ["subreddit", "posts", "content"],
        "visibility": "public",
        "active": true,
        "protocol": "rest",
        "protocol_data": {
            "method": "GET",
            "path": "/r/{subreddit}/{sort}",
            "server_url": "https://oauth.reddit.com"
        },
        "parameters": {
            "type": "object",
            "properties": {
                "header": {
                    "type": "object",
                    "description": "Headers for the http request",
                    "properties": {
                        "user-agent": {
                            "type": "string",
                            "description": "User-Agent header",
                            "default": "ACI::REDDIT"
                        }
                    },
                    "required": ["user-agent"],
                    "visible": [],
                    "additionalProperties": false
                },
                "path": {
                    "type": "object",
                    "description": "Path parameters for the http request",
                    "properties": {
                        "subreddit": {
                            "type": "string",
                            "description": "The name of the subreddit"
                        },
                        "sort": {
                            "type": "string",
                            "description": "Sort method for posts",
                            "enum": ["hot", "new", "top", "rising"]
                        }
                    },
                    "required": ["subreddit", "sort"],
                    "visible": ["subreddit", "sort"],
                    "additionalProperties": false
                },
                "query": {
                    "type": "object",
                    "description": "Optional query parameters for the http request",
                    "properties": {
                        "limit": {
                            "type": "integer",
                            "description": "The maximum number of posts to return",
                            "default": 25
                        },
                        "after": {
                            "type": "string",
                            "description": "The fullname of a thing to use as the anchor point for pagination"
                        }
                    },
                    "required": [],
                    "visible": ["limit", "after"],
                    "additionalProperties": false
                }
            },
            "required": ["header", "path"],
            "visible": ["path", "query"],
            "additionalProperties": false
        }
    },
    {
        "name": "REDDIT__GET_POST_COMMENTS",
        "description": "Retrieves comments for a specific post",
        "tags": ["comments", "post", "content"],
        "visibility": "public",
        "active": true,
        "protocol": "rest",
        "protocol_data": {
            "method": "GET",
            "path": "/comments/{article}",
            "server_url": "https://oauth.reddit.com"
        },
        "parameters": {
            "type": "object",
            "properties": {
                "header": {
                    "type": "object",
                    "description": "Headers for the http request",
                    "properties": {
                        "user-agent": {
                            "type": "string",
                            "description": "User-Agent header",
                            "default": "ACI::REDDIT"
                        }
                    },
                    "required": ["user-agent"],
                    "visible": [],
                    "additionalProperties": false
                },
                "path": {
                    "type": "object",
                    "description": "Path parameters for the http request",
                    "properties": {
                        "article": {
                            "type": "string",
                            "description": "The ID of the post to get comments for"
                        }
                    },
                    "required": ["article"],
                    "visible": ["article"],
                    "additionalProperties": false
                },
                "query": {
                    "type": "object",
                    "description": "Optional query parameters for the http request",
                    "properties": {
                        "sort": {
                            "type": "string",
                            "description": "Sort method for comments",
                            "enum": ["confidence", "top", "new", "controversial", "old", "random", "qa"],
                            "default": "confidence"
                        },
                        "limit": {
                            "type": "integer",
                            "description": "The maximum number of comments to return",
                            "default": 25
                        }
                    },
                    "required": [],
                    "visible": ["sort", "limit"],
                    "additionalProperties": false
                }
            },
            "required": ["header", "path"],
            "visible": ["path", "query"],
            "additionalProperties": false
        }
    },
    {
        "name": "REDDIT__GET_USER_INFO",
        "description": "Retrieves information about a Reddit user",
        "tags": ["user", "profile"],
        "visibility": "public",
        "active": true,
        "protocol": "rest",
        "protocol_data": {
            "method": "GET",
            "path": "/user/{username}/about",
            "server_url": "https://oauth.reddit.com"
        },
        "parameters": {
            "type": "object",
            "properties": {
                "header": {
                    "type": "object",
                    "description": "Headers for the http request",
                    "properties": {
                        "user-agent": {
                            "type": "string",
                            "description": "User-Agent header",
                            "default": "ACI::REDDIT"
                        }
                    },
                    "required": ["user-agent"],
                    "visible": [],
                    "additionalProperties": false
                },
                "path": {
                    "type": "object",
                    "description": "Path parameters for the http request",
                    "properties": {
                        "username": {
                            "type": "string",
                            "description": "The username of the Reddit user"
                        }
                    },
                    "required": ["username"],
                    "visible": ["username"],
                    "additionalProperties": false
                }
            },
            "required": ["header", "path"],
            "visible": ["path"],
            "additionalProperties": false
        }
    },
    {
        "name": "REDDIT__SEARCH",
        "description": "Searches Reddit for posts and comments",
        "tags": ["search", "content"],
        "visibility": "public",
        "active": true,
        "protocol": "rest",
        "protocol_data": {
            "method": "GET",
            "path": "/search",
            "server_url": "https://oauth.reddit.com"
        },
        "parameters": {
            "type": "object",
            "properties": {
                "header": {
                    "type": "object",
                    "description": "Headers for the http request",
                    "properties": {
                        "user-agent": {
                            "type": "string",
                            "description": "User-Agent header",
                            "default": "ACI::REDDIT"
                        }
                    },
                    "required": ["user-agent"],
                    "visible": [],
                    "additionalProperties": false
                },
                "query": {
                    "type": "object",
                    "description": "Query parameters for the http request",
                    "properties": {
                        "q": {
                            "type": "string",
                            "description": "The search query"
                        },
                        "sort": {
                            "type": "string",
                            "description": "Sort method for results",
                            "enum": ["relevance", "hot", "top", "new", "comments"],
                            "default": "relevance"
                        },
                        "t": {
                            "type": "string",
                            "description": "Time period for results",
                            "enum": ["hour", "day", "week", "month", "year", "all"],
                            "default": "all"
                        },
                        "limit": {
                            "type": "integer",
                            "description": "The maximum number of results to return",
                            "default": 25
                        }
                    },
                    "required": ["q"],
                    "visible": ["q", "sort", "t", "limit"],
                    "additionalProperties": false
                }
            },
            "required": ["header", "query"],
            "visible": ["query"],
            "additionalProperties": false
        }
    },
    {
        "name": "REDDIT__GET_SUBREDDIT_INFO",
        "description": "Retrieves information about a subreddit",
        "tags": ["subreddit", "info"],
        "visibility": "public",
        "active": true,
        "protocol": "rest",
        "protocol_data": {
            "method": "GET",
            "path": "/r/{subreddit}/about",
            "server_url": "https://oauth.reddit.com"
        },
        "parameters": {
            "type": "object",
            "properties": {
                "header": {
                    "type": "object",
                    "description": "Headers for the http request",
                    "properties": {
                        "user-agent": {
                            "type": "string",
                            "description": "User-Agent header",
                            "default": "ACI::REDDIT"
                        }
                    },
                    "required": ["user-agent"],
                    "visible": [],
                    "additionalProperties": false
                },
                "path": {
                    "type": "object",
                    "description": "Path parameters for the http request",
                    "properties": {
                        "subreddit": {
                            "type": "string",
                            "description": "The name of the subreddit"
                        }
                    },
                    "required": ["subreddit"],
                    "visible": ["subreddit"],
                    "additionalProperties": false
                }
            },
            "required": ["header", "path"],
            "visible": ["path"],
            "additionalProperties": false
        }
    }
]
