[
    {
        "name": "SHARE_POINT__SEARCH_FOR_SITES",
        "description": "Search across a SharePoint tenant for sites that match keywords provided.",
        "tags": ["sites"],
        "visibility": "public",
        "active": true,
        "protocol": "rest",
        "protocol_data": {
            "method": "GET",
            "path": "/sites?search={search_text}",
            "server_url": "https://graph.microsoft.com/v1.0"
        },
        "parameters": {
          "type": "object",
          "properties": {
            "path": {
              "type": "object",
              "description": "the http path parameters",
              "properties": {
                "search_text": {
                  "type": "string",
                  "description": "The search filter is a free text search that uses multiple properties when retrieving the search results"
                }
              },
              "required": ["search_text"],
              "visible":  ["search_text"],
              "additionalProperties": false
            }
          },
          "required": ["path"],
          "visible":  ["path"],
          "additionalProperties": false
        }
    },
    {
        "name": "SHARE_POINT__GET_ROOT_SITE",
        "description": "Get the root site of a SharePoint tenant.",
        "tags": ["sites"],
        "visibility": "public",
        "active": true,
        "protocol": "rest",
        "protocol_data": {
            "method": "GET",
            "path": "/sites/root",
            "server_url": "https://graph.microsoft.com/v1.0"
        },
        "parameters": {
            "type": "object",
            "properties": {},
            "required": [],
            "visible": [],
            "additionalProperties": false
        }
    },
    {
        "name": "SHARE_POINT__GET_SITE_BY_ID",
        "description": "Get a site by its ID.",
        "tags": ["sites"],
        "visibility": "public",
        "active": true,
        "protocol": "rest",
        "protocol_data": {
            "method": "GET",
            "path": "/sites/{site_id}",
            "server_url": "https://graph.microsoft.com/v1.0"
        },
        "parameters": {
            "type": "object",
            "properties": {
                "path": {
                    "type": "object",
                    "description": "the http path parameters",
                    "properties": {
                        "site_id": {
                            "type": "string",
                            "description": "The ID of the site to get. e.g., 'contoso.sharepoint.com,2C712604-1370-44E7-A1F5-426573FDA80A,2D2244C3-251A-49EA-93A8-39E1C3A060FE'"
                        }
                    },
                    "required": ["site_id"],
                    "visible": ["site_id"],
                    "additionalProperties": false
                }
            },
            "required": ["path"],
            "visible": ["path"],
            "additionalProperties": false
        }
    },
    {
        "name": "SHARE_POINT__GET_SITE_BY_PATH",
        "description": "retrieve a site based on server-relative URL path. Site collection hostname and Site path, relative to server hostname.",
        "tags": ["sites"],
        "visibility": "public",
        "active": true,
        "protocol": "rest",
        "protocol_data": {
            "method": "GET",
            "path": "/sites/{hostname}:/{relative_path}",
            "server_url": "https://graph.microsoft.com/v1.0"
        },
        "parameters": {
            "type": "object",
            "properties": {
                "path": {
                    "type": "object",
                    "description": "the http path parameters",
                    "properties": {
                        "hostname": {
                            "type": "string",
                            "description": "The hostname of the site to get. e.g., 'xxx.sharepoint.com'"
                        },
                        "relative_path": {
                            "type": "string",
                            "description": "The relative path of the site to get. e.g., '/sites/mySite'"
                        }
                    },
                    "required": ["hostname", "relative_path"],
                    "visible": ["hostname", "relative_path"],
                    "additionalProperties": false
                }
            },
            "required": ["path"],
            "visible": ["path"],
            "additionalProperties": false
        }
    },
    {
        "name": "SHARE_POINT__LIST_SUBSITES_FOR_A_SITE",
        "description": "List all subsites for a site.",
        "tags": ["sites"],
        "visibility": "public",
        "active": true,
        "protocol": "rest",
        "protocol_data": {
            "method": "GET",
            "path": "/sites/{site_id}/sites",
            "server_url": "https://graph.microsoft.com/v1.0"
        },
        "parameters": {
            "type": "object",
            "properties": {
                "path": {
                    "type": "object",
                    "description": "the http path parameters",
                    "properties": {
                        "site_id": {
                            "type": "string",
                            "description": "The ID of the site to list subsites for. e.g., 'contoso.sharepoint.com,2C712604-1370-44E7-A1F5-426573FDA80A,2D2244C3-251A-49EA-93A8-39E1C3A060FE'"
                        }
                    },
                    "required": ["site_id"],
                    "visible": ["site_id"],
                    "additionalProperties": false
                }
            },
            "required": ["path"],
            "visible": ["path"],
            "additionalProperties": false
        }
    },
    {
        "name": "SHARE_POINT__LIST_DRIVES_FOR_A_SITE",
        "description": "List the document libraries for a site",
        "tags": ["drives"],
        "visibility": "public",
        "active": true,
        "protocol": "rest",
        "protocol_data": {
            "method": "GET",
            "path": "/sites/{site_id}/drives",
            "server_url": "https://graph.microsoft.com/v1.0"
        },
        "parameters": {
            "type": "object",
            "properties": {
                "path": {
                    "type": "object",
                    "description": "the http path parameters",
                    "properties": {
                        "site_id": {
                            "type": "string",
                            "description": "The ID of the SharePoint site."
                        }
                    },
                    "required": ["site_id"],
                    "visible": ["site_id"],
                    "additionalProperties": false
                }
            },
            "required": ["path"],
            "visible": ["path"],
            "additionalProperties": false
        }
    },
    {
        "name": "SHARE_POINT__SERACH_FOR_ITEMS_IN_A_SITE_DRIVE",
        "description": "Search the hierarchy of items for items matching a query. searches for a match across several fields in the signed-in user's drive items.",
        "tags": ["drive"],
        "visibility": "public",
        "active": true,
        "protocol": "rest",
        "protocol_data": {
            "method": "GET",
            "path": "/sites/{site_id}/drive/root/search(q='{search_text}')",
            "server_url": "https://graph.microsoft.com/v1.0"
        },
        "parameters": {
            "type": "object",
            "properties": {
                "path": {
                    "type": "object",
                    "description": "the http path parameters",
                    "properties": {
                        "site_id": {
                            "type": "string",
                            "description": "The ID of the SharePoint site."
                        },
                        "search_text": {
                            "type": "string",
                            "description": "The text to search for."
                        }
                    },
                    "required": ["site_id", "search_text"],
                    "visible": ["site_id", "search_text"],
                    "additionalProperties": false
                }
            },
            "required": ["path"],
            "visible": ["path"],
            "additionalProperties": false
        }
    },
    {
        "name": "SHARE_POINT__CREATE_FOLDER_IN_SITE_DRIVE",
        "description": "Create a new folder in a SharePoint site's document library (drive).",
        "tags": ["drive", "sharepoint", "folders"],
        "visibility": "public",
        "active": true,
        "protocol": "rest",
        "protocol_data": {
            "method": "POST",
            "path": "/sites/{site_id}/drive/items/{parent_item_id}/children",
            "server_url": "https://graph.microsoft.com/v1.0"
        },
        "parameters": {
            "type": "object",
            "properties": {
                "path": {
                    "type": "object",
                    "description": "The path parameters for the request.",
                    "properties": {
                        "site_id": {
                            "type": "string",
                            "description": "The ID of the SharePoint site."
                        },
                        "parent_item_id": {
                            "type": "string",
                            "description": "The ID of the parent folder or 'root' to create in the root directory."
                        }
                    },
                    "required": ["site_id", "parent_item_id"],
                    "visible": ["site_id", "parent_item_id"],
                    "additionalProperties": false
                },
                "body": {
                    "type": "object",
                    "description": "The body payload containing the folder information.",
                    "properties": {
                        "name": {
                            "type": "string",
                            "description": "The name of the new folder."
                        },
                        "folder": {
                            "type": "object",
                            "description": "An empty object to indicate a folder should be created.",
                            "properties": {},
                            "required": [],
                            "visible": [],
                            "default": {},
                            "additionalProperties": false
                        },
                        "@microsoft.graph.conflictBehavior": {
                            "type": "string",
                            "enum": ["rename", "fail", "replace"],
                            "description": "Specifies what to do if a folder with the same name already exists."
                        }
                    },
                    "required": ["name", "folder"],
                    "visible": ["name", "@microsoft.graph.conflictBehavior"],
                    "additionalProperties": false
                }
            },
            "required": ["path", "body"],
            "visible": ["path", "body"],
            "additionalProperties": false
        }
    },
    {
        "name": "SHARE_POINT__DELETE_ITEM_IN_SITE_DRIVE",
        "description": "Delete a DriveItem by using its ID from a SharePoint site's document library.",
        "tags": ["drive", "sharepoint", "delete"],
        "visibility": "public",
        "active": true,
        "protocol": "rest",
        "protocol_data": {
            "method": "DELETE",
            "path": "/sites/{site_id}/drive/items/{item_id}",
            "server_url": "https://graph.microsoft.com/v1.0"
        },
        "parameters": {
            "type": "object",
            "properties": {
                "path": {
                    "type": "object",
                    "description": "The path parameters identifying the SharePoint site and the item to delete.",
                    "properties": {
                        "site_id": {
                            "type": "string",
                            "description": "The ID of the SharePoint site."
                        },
                        "item_id": {
                            "type": "string",
                            "description": "The ID of the item (file or folder) to delete."
                        }
                    },
                    "required": ["site_id", "item_id"],
                    "visible": ["site_id", "item_id"],
                    "additionalProperties": false
                }
            },
            "required": ["path"],
            "visible": ["path"],
            "additionalProperties": false
        }
    },
    {
        "name": "SHARE_POINT__CREATE_LIST_IN_A_SITE",
        "description": "Creates a new list in a SharePoint site.",
        "tags": ["sharepoint", "lists", "create"],
        "visibility": "public",
        "active": true,
        "protocol": "rest",
        "protocol_data": {
            "method": "POST",
            "path": "/sites/{site_id}/lists",
            "server_url": "https://graph.microsoft.com/v1.0"
        },
        "parameters": {
            "type": "object",
            "properties": {
                "path": {
                    "type": "object",
                    "description": "The path parameters for the request.",
                    "properties": {
                        "site_id": {
                            "type": "string",
                            "description": "The ID of the SharePoint site where the list will be created."
                        }
                    },
                    "required": ["site_id"],
                    "visible": ["site_id"],
                    "additionalProperties": false
                },
                "body": {
                    "type": "object",
                    "description": "The body payload for creating the list.",
                    "properties": {
                        "displayName": {
                            "type": "string",
                            "description": "The display name of the list."
                        },
                        "columns": {
                            "type": "array",
                            "description": "Optional. An array of column definitions for the list.",
                            "items": {
                                "type": "object",
                                "properties": {},
                                "required": [],
                                "visible": [],
                                "additionalProperties": true
                            }
                        },
                        "list": {
                            "type": "object",
                            "description": "Metadata for the list creation.",
                            "properties": {
                                "template": {
                                    "type": "string",
                                    "description": "The list template to use (e.g., 'genericList', 'task', 'issue')."
                                }
                            },
                            "required": ["template"],
                            "visible": ["template"],
                            "additionalProperties": false
                        }
                    },
                    "required": ["displayName", "list"],
                    "visible": ["displayName", "list"],
                    "additionalProperties": false
                }
            },
            "required": ["path", "body"],
            "visible": ["path", "body"],
            "additionalProperties": false
        }
    }
]
