[
    {
        "name": "CLOUDFLARE__LIST_ZONES",
        "description": "Lists, searches, sorts, and filters your zones. Listing zones across more than 500 accounts is currently not allowed.",
        "tags": ["zones", "list"],
        "visibility": "public",
        "active": true,
        "protocol": "rest",
        "protocol_data": {
            "method": "GET",
            "path": "/zones",
            "server_url": "https://api.cloudflare.com/client/v4"
        },
        "parameters": {
            "type": "object",
            "properties": {},
            "required": [],
            "visible": [],
            "additionalProperties": false
        }
    },
    {
        "name": "CLOUDFLARE__GET_ZONE_DETAILS",
        "description": "Get details about a zone",
        "tags": ["zones", "get"],
        "visibility": "public",
        "active": true,
        "protocol": "rest",
        "protocol_data": {
            "method": "GET",
            "path": "/zones/{zone_id}",
            "server_url": "https://api.cloudflare.com/client/v4"
        },
        "parameters": {
            "type": "object",
            "properties": {
                "path": {
                    "type": "object",
                    "description": "Path parameters for the http request",
                    "properties": {
                        "zone_id": {
                            "type": "string",
                            "description": "The zone ID to get details about"
                        }
                    },
                    "required": ["zone_id"],
                    "visible": ["zone_id"],
                    "additionalProperties": false
                }
            },
            "required": ["path"],
            "visible": ["path"],
            "additionalProperties": false
        }
    },
    {
        "name": "CLOUDFLARE__LIST_ZONE_DNS_RECORDS",
        "description": "List, search, sort, and filter a zones' DNS records.",
        "tags": ["dns", "list"],
        "visibility": "public",
        "active": true,
        "protocol": "rest",
        "protocol_data": {
            "method": "GET",
            "path": "/zones/{zone_id}/dns_records",
            "server_url": "https://api.cloudflare.com/client/v4"
        },
        "parameters": {
            "type": "object",
            "properties": {
                "path": {
                    "type": "object",
                    "description": "Path parameters for the http request",
                    "properties": {
                        "zone_id": {
                            "type": "string",
                            "description": "The zone ID to get DNS records for"
                        }
                    },
                    "required": ["zone_id"],
                    "visible": ["zone_id"],
                    "additionalProperties": false
                }
            },
            "required": ["path"],
            "visible": ["path"],
            "additionalProperties": false
        }
    },
    {
        "name": "CLOUDFLARE__CREATE_ZONE_DNS_RECORD",
        "description": "Create a new DNS record in a zone",
        "tags": ["dns", "create"],
        "visibility": "public",
        "active": true,
        "protocol": "rest",
        "protocol_data": {
            "method": "POST",
            "path": "/zones/{zone_id}/dns_records",
            "server_url": "https://api.cloudflare.com/client/v4"
        },
        "parameters": {
            "type": "object",
            "properties": {
                "path": {
                    "type": "object",
                    "description": "Path parameters for the http request",
                    "properties": {
                        "zone_id": {
                            "type": "string",
                            "description": "The zone ID to create the DNS record for"
                        }
                    },
                    "required": ["zone_id"],
                    "visible": ["zone_id"],
                    "additionalProperties": false
                },
                "body": {
                    "type": "object",
                    "description": "Request body parameters for DNS record creation.",
                    "properties": {
                        "comment": {
                            "type": "string",
                            "description": "Comments or notes about the DNS record. This field has no effect on DNS responses."
                        },
                        "content": {
                            "type": "string",
                            "description": "A valid IPv4/IPv6 address for A/AAAA record or a valid hostname for CNAME record."
                        },
                        "name": {
                            "type": "string",
                            "description": "DNS record name (or @ for the zone apex) in Punycode."
                        },
                        "proxied": {
                            "type": "boolean",
                            "description": "Whether the record is receiving the performance and security benefits of Cloudflare."
                        },
                        "ttl": {
                            "type": "integer",
                            "description": "Time To Live (TTL) of the DNS record in seconds. Setting to 1 means 'automatic'. Value must be between 60 and 86400, with the minimum reduced to 30 for Enterprise zones.",
                            "default": 1
                        },
                        "type": {
                            "type": "string",
                            "description": "Record type. A, AAAA, CNAME, MX, TXT, NS, PTR, SRV, SPF, CAA."
                        }
                    },
                    "required": [],
                    "visible": ["comment", "content", "name", "proxied", "ttl", "type"],
                    "additionalProperties": false
                }
            },
            "required": ["path", "body"],
            "visible": ["path", "body"],
            "additionalProperties": false
        }
    },
    {
        "name": "CLOUDFLARE__DELETE_ZONE_DNS_RECORD",
        "description": "Delete a DNS record in a zone by zone_id and dns_record_id.",
        "tags": ["dns", "delete"],
        "visibility": "public",
        "active": true,
        "protocol": "rest",
        "protocol_data": {
            "method": "DELETE",
            "path": "/zones/{zone_id}/dns_records/{dns_record_id}",
            "server_url": "https://api.cloudflare.com/client/v4"
        },
        "parameters": {
            "type": "object",
            "properties": {
                "path": {
                    "type": "object",
                    "description": "Path parameters for the http request",
                    "properties": {
                        "zone_id": {
                            "type": "string",
                            "description": "The zone ID to delete the DNS record from."
                        },
                        "dns_record_id": {
                            "type": "string",
                            "description": "The DNS record ID to delete."
                        }
                    },
                    "required": ["zone_id", "dns_record_id"],
                    "visible": ["zone_id", "dns_record_id"],
                    "additionalProperties": false
                }
            },
            "required": ["path"],
            "visible": ["path"],
            "additionalProperties": false
        }
    },
    {
        "name": "CLOUDFLARE__GET_ZONE_DNS_RECORD_DETAILS",
        "description": "Get details of a DNS record in a zone by zone_id and dns_record_id.",
        "tags": ["dns", "get"],
        "visibility": "public",
        "active": true,
        "protocol": "rest",
        "protocol_data": {
            "method": "GET",
            "path": "/zones/{zone_id}/dns_records/{dns_record_id}",
            "server_url": "https://api.cloudflare.com/client/v4"
        },
        "parameters": {
            "type": "object",
            "properties": {
                "path": {
                    "type": "object",
                    "description": "Path parameters for the http request",
                    "properties": {
                        "zone_id": {
                            "type": "string",
                            "description": "The zone ID to get the DNS record details from."
                        },
                        "dns_record_id": {
                            "type": "string",
                            "description": "The DNS record ID to get details for."
                        }
                    },
                    "required": ["zone_id", "dns_record_id"],
                    "visible": ["zone_id", "dns_record_id"],
                    "additionalProperties": false
                }
            },
            "required": ["path"],
            "visible": ["path"],
            "additionalProperties": false
        }
    },
    {
        "name": "CLOUDFLARE__UPDATE_ZONE_DNS_RECORD",
        "description": "Update an existing DNS record in a zone by zone_id and dns_record_id.",
        "tags": ["dns", "update"],
        "visibility": "public",
        "active": true,
        "protocol": "rest",
        "protocol_data": {
            "method": "PATCH",
            "path": "/zones/{zone_id}/dns_records/{dns_record_id}",
            "server_url": "https://api.cloudflare.com/client/v4"
        },
        "parameters": {
            "type": "object",
            "properties": {
                "path": {
                    "type": "object",
                    "description": "Path parameters for the http request",
                    "properties": {
                        "zone_id": {
                            "type": "string",
                            "description": "The zone ID to update the DNS record in."
                        },
                        "dns_record_id": {
                            "type": "string",
                            "description": "The DNS record ID to update."
                        }
                    },
                    "required": ["zone_id", "dns_record_id"],
                    "visible": ["zone_id", "dns_record_id"],
                    "additionalProperties": false
                },
                "body": {
                    "type": "object",
                    "description": "Request body parameters for DNS record update.",
                    "properties": {
                        "comment": {
                            "type": "string",
                            "description": "Comments or notes about the DNS record. This field has no effect on DNS responses."
                        },
                        "content": {
                            "type": "string",
                            "description": "A valid IPv4/IPv6 address for A/AAAA record or a valid hostname for CNAME record."
                        },
                        "name": {
                            "type": "string",
                            "description": "DNS record name (or @ for the zone apex) in Punycode."
                        },
                        "proxied": {
                            "type": "boolean",
                            "description": "Whether the record is receiving the performance and security benefits of Cloudflare."
                        },
                        "ttl": {
                            "type": "integer",
                            "description": "Time To Live (TTL) of the DNS record in seconds. Setting to 1 means 'automatic'. Value must be between 60 and 86400, with the minimum reduced to 30 for Enterprise zones."
                        },
                        "type": {
                            "type": "string",
                            "description": "Record type. A, AAAA, CNAME, MX, TXT, NS, PTR, SRV, SPF, CAA."
                        }
                    },
                    "required": [],
                    "visible": ["comment", "content", "name", "proxied", "ttl", "type"],
                    "additionalProperties": false
                }
            },
            "required": ["path", "body"],
            "visible": ["path", "body"],
            "additionalProperties": false
        }
    }
]
